--
-- PostgreSQL database dump
--

-- Dumped from database version 9.6.10
-- Dumped by pg_dump version 9.6.10

SET statement_timeout = 0;
SET lock_timeout = 0;
SET idle_in_transaction_session_timeout = 0;
SET client_encoding = 'UTF8';
SET standard_conforming_strings = on;
SELECT pg_catalog.set_config('search_path', '', false);
SET check_function_bodies = false;
SET client_min_messages = warning;
SET row_security = off;

--
-- Name: plpgsql; Type: EXTENSION; Schema: -; Owner: 
--

CREATE EXTENSION IF NOT EXISTS plpgsql WITH SCHEMA pg_catalog;


--
-- Name: EXTENSION plpgsql; Type: COMMENT; Schema: -; Owner: 
--

COMMENT ON EXTENSION plpgsql IS 'PL/pgSQL procedural language';


SET default_tablespace = '';

SET default_with_oids = false;

--
-- Name: attendancerecord; Type: TABLE; Schema: public; Owner: herohjk
--

CREATE TABLE public.attendancerecord (
    index integer NOT NULL,
    userid text NOT NULL,
    courseid integer,
    checkdate date NOT NULL,
    checktime character(5) NOT NULL
);


ALTER TABLE public.attendancerecord OWNER TO herohjk;

--
-- Name: TABLE attendancerecord; Type: COMMENT; Schema: public; Owner: herohjk
--

COMMENT ON TABLE public.attendancerecord IS '출석 정보';


--
-- Name: COLUMN attendancerecord.index; Type: COMMENT; Schema: public; Owner: herohjk
--

COMMENT ON COLUMN public.attendancerecord.index IS '고유 인덱스';


--
-- Name: COLUMN attendancerecord.userid; Type: COMMENT; Schema: public; Owner: herohjk
--

COMMENT ON COLUMN public.attendancerecord.userid IS '사용자 ID';


--
-- Name: COLUMN attendancerecord.courseid; Type: COMMENT; Schema: public; Owner: herohjk
--

COMMENT ON COLUMN public.attendancerecord.courseid IS '수업 인덱스';


--
-- Name: COLUMN attendancerecord.checkdate; Type: COMMENT; Schema: public; Owner: herohjk
--

COMMENT ON COLUMN public.attendancerecord.checkdate IS '출석일자';


--
-- Name: COLUMN attendancerecord.checktime; Type: COMMENT; Schema: public; Owner: herohjk
--

COMMENT ON COLUMN public.attendancerecord.checktime IS '출석시간';


--
-- Name: attendancerecord_index_seq; Type: SEQUENCE; Schema: public; Owner: herohjk
--

CREATE SEQUENCE public.attendancerecord_index_seq
    START WITH 1
    INCREMENT BY 1
    NO MINVALUE
    NO MAXVALUE
    CACHE 1;


ALTER TABLE public.attendancerecord_index_seq OWNER TO herohjk;

--
-- Name: attendancerecord_index_seq; Type: SEQUENCE OWNED BY; Schema: public; Owner: herohjk
--

ALTER SEQUENCE public.attendancerecord_index_seq OWNED BY public.attendancerecord.index;


--
-- Name: auth_group; Type: TABLE; Schema: public; Owner: django
--

CREATE TABLE public.auth_group (
    id integer NOT NULL,
    name character varying(80) NOT NULL
);


ALTER TABLE public.auth_group OWNER TO django;

--
-- Name: auth_group_id_seq; Type: SEQUENCE; Schema: public; Owner: django
--

CREATE SEQUENCE public.auth_group_id_seq
    START WITH 1
    INCREMENT BY 1
    NO MINVALUE
    NO MAXVALUE
    CACHE 1;


ALTER TABLE public.auth_group_id_seq OWNER TO django;

--
-- Name: auth_group_id_seq; Type: SEQUENCE OWNED BY; Schema: public; Owner: django
--

ALTER SEQUENCE public.auth_group_id_seq OWNED BY public.auth_group.id;


--
-- Name: auth_group_permissions; Type: TABLE; Schema: public; Owner: django
--

CREATE TABLE public.auth_group_permissions (
    id integer NOT NULL,
    group_id integer NOT NULL,
    permission_id integer NOT NULL
);


ALTER TABLE public.auth_group_permissions OWNER TO django;

--
-- Name: auth_group_permissions_id_seq; Type: SEQUENCE; Schema: public; Owner: django
--

CREATE SEQUENCE public.auth_group_permissions_id_seq
    START WITH 1
    INCREMENT BY 1
    NO MINVALUE
    NO MAXVALUE
    CACHE 1;


ALTER TABLE public.auth_group_permissions_id_seq OWNER TO django;

--
-- Name: auth_group_permissions_id_seq; Type: SEQUENCE OWNED BY; Schema: public; Owner: django
--

ALTER SEQUENCE public.auth_group_permissions_id_seq OWNED BY public.auth_group_permissions.id;


--
-- Name: auth_permission; Type: TABLE; Schema: public; Owner: django
--

CREATE TABLE public.auth_permission (
    id integer NOT NULL,
    name character varying(255) NOT NULL,
    content_type_id integer NOT NULL,
    codename character varying(100) NOT NULL
);


ALTER TABLE public.auth_permission OWNER TO django;

--
-- Name: auth_permission_id_seq; Type: SEQUENCE; Schema: public; Owner: django
--

CREATE SEQUENCE public.auth_permission_id_seq
    START WITH 1
    INCREMENT BY 1
    NO MINVALUE
    NO MAXVALUE
    CACHE 1;


ALTER TABLE public.auth_permission_id_seq OWNER TO django;

--
-- Name: auth_permission_id_seq; Type: SEQUENCE OWNED BY; Schema: public; Owner: django
--

ALTER SEQUENCE public.auth_permission_id_seq OWNED BY public.auth_permission.id;


--
-- Name: auth_user; Type: TABLE; Schema: public; Owner: django
--

CREATE TABLE public.auth_user (
    id integer NOT NULL,
    password character varying(128) NOT NULL,
    last_login timestamp with time zone,
    is_superuser boolean NOT NULL,
    username character varying(150) NOT NULL,
    first_name character varying(30) NOT NULL,
    last_name character varying(150) NOT NULL,
    email character varying(254) NOT NULL,
    is_staff boolean NOT NULL,
    is_active boolean NOT NULL,
    date_joined timestamp with time zone NOT NULL
);


ALTER TABLE public.auth_user OWNER TO django;

--
-- Name: auth_user_groups; Type: TABLE; Schema: public; Owner: django
--

CREATE TABLE public.auth_user_groups (
    id integer NOT NULL,
    user_id integer NOT NULL,
    group_id integer NOT NULL
);


ALTER TABLE public.auth_user_groups OWNER TO django;

--
-- Name: auth_user_groups_id_seq; Type: SEQUENCE; Schema: public; Owner: django
--

CREATE SEQUENCE public.auth_user_groups_id_seq
    START WITH 1
    INCREMENT BY 1
    NO MINVALUE
    NO MAXVALUE
    CACHE 1;


ALTER TABLE public.auth_user_groups_id_seq OWNER TO django;

--
-- Name: auth_user_groups_id_seq; Type: SEQUENCE OWNED BY; Schema: public; Owner: django
--

ALTER SEQUENCE public.auth_user_groups_id_seq OWNED BY public.auth_user_groups.id;


--
-- Name: auth_user_id_seq; Type: SEQUENCE; Schema: public; Owner: django
--

CREATE SEQUENCE public.auth_user_id_seq
    START WITH 1
    INCREMENT BY 1
    NO MINVALUE
    NO MAXVALUE
    CACHE 1;


ALTER TABLE public.auth_user_id_seq OWNER TO django;

--
-- Name: auth_user_id_seq; Type: SEQUENCE OWNED BY; Schema: public; Owner: django
--

ALTER SEQUENCE public.auth_user_id_seq OWNED BY public.auth_user.id;


--
-- Name: auth_user_user_permissions; Type: TABLE; Schema: public; Owner: django
--

CREATE TABLE public.auth_user_user_permissions (
    id integer NOT NULL,
    user_id integer NOT NULL,
    permission_id integer NOT NULL
);


ALTER TABLE public.auth_user_user_permissions OWNER TO django;

--
-- Name: auth_user_user_permissions_id_seq; Type: SEQUENCE; Schema: public; Owner: django
--

CREATE SEQUENCE public.auth_user_user_permissions_id_seq
    START WITH 1
    INCREMENT BY 1
    NO MINVALUE
    NO MAXVALUE
    CACHE 1;


ALTER TABLE public.auth_user_user_permissions_id_seq OWNER TO django;

--
-- Name: auth_user_user_permissions_id_seq; Type: SEQUENCE OWNED BY; Schema: public; Owner: django
--

ALTER SEQUENCE public.auth_user_user_permissions_id_seq OWNED BY public.auth_user_user_permissions.id;


--
-- Name: course; Type: TABLE; Schema: public; Owner: herohjk
--

CREATE TABLE public.course (
    index integer NOT NULL,
    lectureindex text NOT NULL,
    lectureroomindex integer NOT NULL
);


ALTER TABLE public.course OWNER TO herohjk;

--
-- Name: TABLE course; Type: COMMENT; Schema: public; Owner: herohjk
--

COMMENT ON TABLE public.course IS '수업 정보';


--
-- Name: COLUMN course.index; Type: COMMENT; Schema: public; Owner: herohjk
--

COMMENT ON COLUMN public.course.index IS '수업 고유 id';


--
-- Name: COLUMN course.lectureindex; Type: COMMENT; Schema: public; Owner: herohjk
--

COMMENT ON COLUMN public.course.lectureindex IS '강의자 고유 id';


--
-- Name: COLUMN course.lectureroomindex; Type: COMMENT; Schema: public; Owner: herohjk
--

COMMENT ON COLUMN public.course.lectureroomindex IS '강의실 고유 id';


--
-- Name: course_index_seq; Type: SEQUENCE; Schema: public; Owner: herohjk
--

CREATE SEQUENCE public.course_index_seq
    START WITH 1
    INCREMENT BY 1
    NO MINVALUE
    NO MAXVALUE
    CACHE 1;


ALTER TABLE public.course_index_seq OWNER TO herohjk;

--
-- Name: course_index_seq; Type: SEQUENCE OWNED BY; Schema: public; Owner: herohjk
--

ALTER SEQUENCE public.course_index_seq OWNED BY public.course.index;


--
-- Name: courseinformation; Type: TABLE; Schema: public; Owner: herohjk
--

CREATE TABLE public.courseinformation (
    courseindex integer NOT NULL,
    startdate date NOT NULL,
    enddate date NOT NULL,
    starttime character(4) DEFAULT '0000'::bpchar NOT NULL,
    coursetime integer NOT NULL,
    classday character(7) DEFAULT 'FFFFFFF'::bpchar NOT NULL,
    coursename text NOT NULL,
    index integer NOT NULL
);


ALTER TABLE public.courseinformation OWNER TO herohjk;

--
-- Name: TABLE courseinformation; Type: COMMENT; Schema: public; Owner: herohjk
--

COMMENT ON TABLE public.courseinformation IS '수업 상세정보';


--
-- Name: COLUMN courseinformation.courseindex; Type: COMMENT; Schema: public; Owner: herohjk
--

COMMENT ON COLUMN public.courseinformation.courseindex IS '수업 고유id';


--
-- Name: COLUMN courseinformation.startdate; Type: COMMENT; Schema: public; Owner: herohjk
--

COMMENT ON COLUMN public.courseinformation.startdate IS '시작일';


--
-- Name: COLUMN courseinformation.enddate; Type: COMMENT; Schema: public; Owner: herohjk
--

COMMENT ON COLUMN public.courseinformation.enddate IS '종료일';


--
-- Name: COLUMN courseinformation.starttime; Type: COMMENT; Schema: public; Owner: herohjk
--

COMMENT ON COLUMN public.courseinformation.starttime IS '수업 시작시간';


--
-- Name: COLUMN courseinformation.coursetime; Type: COMMENT; Schema: public; Owner: herohjk
--

COMMENT ON COLUMN public.courseinformation.coursetime IS '수업 진행 시간(분)';


--
-- Name: COLUMN courseinformation.classday; Type: COMMENT; Schema: public; Owner: herohjk
--

COMMENT ON COLUMN public.courseinformation.classday IS '수업 진행 요일';


--
-- Name: courseinformation_index_seq; Type: SEQUENCE; Schema: public; Owner: herohjk
--

CREATE SEQUENCE public.courseinformation_index_seq
    START WITH 1
    INCREMENT BY 1
    NO MINVALUE
    NO MAXVALUE
    CACHE 1;


ALTER TABLE public.courseinformation_index_seq OWNER TO herohjk;

--
-- Name: courseinformation_index_seq; Type: SEQUENCE OWNED BY; Schema: public; Owner: herohjk
--

ALTER SEQUENCE public.courseinformation_index_seq OWNED BY public.courseinformation.index;


--
-- Name: courseview; Type: VIEW; Schema: public; Owner: herohjk
--

CREATE VIEW public.courseview AS
 SELECT c.index,
    ci.coursename,
    c.lectureindex,
    c.lectureroomindex,
    ci.courseindex,
    ci.startdate,
    ci.enddate,
    ci.starttime,
    ci.coursetime,
    ci.classday
   FROM (public.course c
     JOIN public.courseinformation ci ON ((c.index = ci.courseindex)));


ALTER TABLE public.courseview OWNER TO herohjk;

--
-- Name: lectureroom; Type: TABLE; Schema: public; Owner: herohjk
--

CREATE TABLE public.lectureroom (
    index integer NOT NULL,
    nfcid text NOT NULL,
    latitude double precision NOT NULL,
    longitude double precision NOT NULL,
    name text NOT NULL
);


ALTER TABLE public.lectureroom OWNER TO herohjk;

--
-- Name: TABLE lectureroom; Type: COMMENT; Schema: public; Owner: herohjk
--

COMMENT ON TABLE public.lectureroom IS '강의실';


--
-- Name: COLUMN lectureroom.index; Type: COMMENT; Schema: public; Owner: herohjk
--

COMMENT ON COLUMN public.lectureroom.index IS '강의실 고유 id';


--
-- Name: COLUMN lectureroom.nfcid; Type: COMMENT; Schema: public; Owner: herohjk
--

COMMENT ON COLUMN public.lectureroom.nfcid IS 'NFC 고유 id';


--
-- Name: COLUMN lectureroom.latitude; Type: COMMENT; Schema: public; Owner: herohjk
--

COMMENT ON COLUMN public.lectureroom.latitude IS '강의실 위도';


--
-- Name: COLUMN lectureroom.longitude; Type: COMMENT; Schema: public; Owner: herohjk
--

COMMENT ON COLUMN public.lectureroom.longitude IS '강의실 경도';


--
-- Name: COLUMN lectureroom.name; Type: COMMENT; Schema: public; Owner: herohjk
--

COMMENT ON COLUMN public.lectureroom.name IS '강의실 명';


--
-- Name: user; Type: TABLE; Schema: public; Owner: herohjk
--

CREATE TABLE public."user" (
    id text NOT NULL,
    password text NOT NULL,
    admin boolean DEFAULT false NOT NULL
);


ALTER TABLE public."user" OWNER TO herohjk;

--
-- Name: TABLE "user"; Type: COMMENT; Schema: public; Owner: herohjk
--

COMMENT ON TABLE public."user" IS '사용자 정보 테이블';


--
-- Name: COLUMN "user".id; Type: COMMENT; Schema: public; Owner: herohjk
--

COMMENT ON COLUMN public."user".id IS '사용자 ID';


--
-- Name: COLUMN "user".password; Type: COMMENT; Schema: public; Owner: herohjk
--

COMMENT ON COLUMN public."user".password IS '사용자 비밀번호(MD5)';


--
-- Name: COLUMN "user".admin; Type: COMMENT; Schema: public; Owner: herohjk
--

COMMENT ON COLUMN public."user".admin IS '관리자 여부';


--
-- Name: userinformation; Type: TABLE; Schema: public; Owner: herohjk
--

CREATE TABLE public.userinformation (
    id text NOT NULL,
    address text,
    phonenumber text,
    name text NOT NULL
);


ALTER TABLE public.userinformation OWNER TO herohjk;

--
-- Name: TABLE userinformation; Type: COMMENT; Schema: public; Owner: herohjk
--

COMMENT ON TABLE public.userinformation IS '사용자 상세 정보';


--
-- Name: COLUMN userinformation.id; Type: COMMENT; Schema: public; Owner: herohjk
--

COMMENT ON COLUMN public.userinformation.id IS '사용자 id';


--
-- Name: COLUMN userinformation.address; Type: COMMENT; Schema: public; Owner: herohjk
--

COMMENT ON COLUMN public.userinformation.address IS '주소';


--
-- Name: COLUMN userinformation.phonenumber; Type: COMMENT; Schema: public; Owner: herohjk
--

COMMENT ON COLUMN public.userinformation.phonenumber IS '전화번호';


--
-- Name: COLUMN userinformation.name; Type: COMMENT; Schema: public; Owner: herohjk
--

COMMENT ON COLUMN public.userinformation.name IS '이름';


--
-- Name: userview; Type: VIEW; Schema: public; Owner: herohjk
--

CREATE VIEW public.userview AS
 SELECT u.id,
    u.admin,
    ui.name,
    ui.address,
    ui.phonenumber
   FROM (public."user" u
     JOIN public.userinformation ui ON ((u.id = ui.id)));


ALTER TABLE public.userview OWNER TO herohjk;

--
-- Name: courseinfoview; Type: VIEW; Schema: public; Owner: herohjk
--

CREATE VIEW public.courseinfoview AS
 SELECT cv.index,
    cv.coursename,
    uv.name AS teacher,
    cv.starttime,
    cv.coursetime,
    l.name AS roomname,
    cv.classday
   FROM ((public.courseview cv
     JOIN public.userview uv ON ((cv.lectureindex = uv.id)))
     JOIN public.lectureroom l ON ((cv.lectureroomindex = l.index)));


ALTER TABLE public.courseinfoview OWNER TO herohjk;

--
-- Name: coursestudent; Type: TABLE; Schema: public; Owner: herohjk
--

CREATE TABLE public.coursestudent (
    couseid integer NOT NULL,
    userid text NOT NULL,
    index integer NOT NULL
);


ALTER TABLE public.coursestudent OWNER TO herohjk;

--
-- Name: TABLE coursestudent; Type: COMMENT; Schema: public; Owner: herohjk
--

COMMENT ON TABLE public.coursestudent IS '수강생정보';


--
-- Name: COLUMN coursestudent.couseid; Type: COMMENT; Schema: public; Owner: herohjk
--

COMMENT ON COLUMN public.coursestudent.couseid IS '수업인덱스';


--
-- Name: COLUMN coursestudent.userid; Type: COMMENT; Schema: public; Owner: herohjk
--

COMMENT ON COLUMN public.coursestudent.userid IS '사용자ID';


--
-- Name: COLUMN coursestudent.index; Type: COMMENT; Schema: public; Owner: herohjk
--

COMMENT ON COLUMN public.coursestudent.index IS '인덱스';


--
-- Name: coursestudent_index_seq; Type: SEQUENCE; Schema: public; Owner: herohjk
--

CREATE SEQUENCE public.coursestudent_index_seq
    START WITH 1
    INCREMENT BY 1
    NO MINVALUE
    NO MAXVALUE
    CACHE 1;


ALTER TABLE public.coursestudent_index_seq OWNER TO herohjk;

--
-- Name: coursestudent_index_seq; Type: SEQUENCE OWNED BY; Schema: public; Owner: herohjk
--

ALTER SEQUENCE public.coursestudent_index_seq OWNED BY public.coursestudent.index;


--
-- Name: django_admin_log; Type: TABLE; Schema: public; Owner: django
--

CREATE TABLE public.django_admin_log (
    id integer NOT NULL,
    action_time timestamp with time zone NOT NULL,
    object_id text,
    object_repr character varying(200) NOT NULL,
    action_flag smallint NOT NULL,
    change_message text NOT NULL,
    content_type_id integer,
    user_id integer NOT NULL,
    CONSTRAINT django_admin_log_action_flag_check CHECK ((action_flag >= 0))
);


ALTER TABLE public.django_admin_log OWNER TO django;

--
-- Name: django_admin_log_id_seq; Type: SEQUENCE; Schema: public; Owner: django
--

CREATE SEQUENCE public.django_admin_log_id_seq
    START WITH 1
    INCREMENT BY 1
    NO MINVALUE
    NO MAXVALUE
    CACHE 1;


ALTER TABLE public.django_admin_log_id_seq OWNER TO django;

--
-- Name: django_admin_log_id_seq; Type: SEQUENCE OWNED BY; Schema: public; Owner: django
--

ALTER SEQUENCE public.django_admin_log_id_seq OWNED BY public.django_admin_log.id;


--
-- Name: django_content_type; Type: TABLE; Schema: public; Owner: django
--

CREATE TABLE public.django_content_type (
    id integer NOT NULL,
    app_label character varying(100) NOT NULL,
    model character varying(100) NOT NULL
);


ALTER TABLE public.django_content_type OWNER TO django;

--
-- Name: django_content_type_id_seq; Type: SEQUENCE; Schema: public; Owner: django
--

CREATE SEQUENCE public.django_content_type_id_seq
    START WITH 1
    INCREMENT BY 1
    NO MINVALUE
    NO MAXVALUE
    CACHE 1;


ALTER TABLE public.django_content_type_id_seq OWNER TO django;

--
-- Name: django_content_type_id_seq; Type: SEQUENCE OWNED BY; Schema: public; Owner: django
--

ALTER SEQUENCE public.django_content_type_id_seq OWNED BY public.django_content_type.id;


--
-- Name: django_migrations; Type: TABLE; Schema: public; Owner: django
--

CREATE TABLE public.django_migrations (
    id integer NOT NULL,
    app character varying(255) NOT NULL,
    name character varying(255) NOT NULL,
    applied timestamp with time zone NOT NULL
);


ALTER TABLE public.django_migrations OWNER TO django;

--
-- Name: django_migrations_id_seq; Type: SEQUENCE; Schema: public; Owner: django
--

CREATE SEQUENCE public.django_migrations_id_seq
    START WITH 1
    INCREMENT BY 1
    NO MINVALUE
    NO MAXVALUE
    CACHE 1;


ALTER TABLE public.django_migrations_id_seq OWNER TO django;

--
-- Name: django_migrations_id_seq; Type: SEQUENCE OWNED BY; Schema: public; Owner: django
--

ALTER SEQUENCE public.django_migrations_id_seq OWNED BY public.django_migrations.id;


--
-- Name: django_session; Type: TABLE; Schema: public; Owner: django
--

CREATE TABLE public.django_session (
    session_key character varying(40) NOT NULL,
    session_data text NOT NULL,
    expire_date timestamp with time zone NOT NULL
);


ALTER TABLE public.django_session OWNER TO django;

--
-- Name: lectureroom_index_seq; Type: SEQUENCE; Schema: public; Owner: herohjk
--

CREATE SEQUENCE public.lectureroom_index_seq
    START WITH 1
    INCREMENT BY 1
    NO MINVALUE
    NO MAXVALUE
    CACHE 1;


ALTER TABLE public.lectureroom_index_seq OWNER TO herohjk;

--
-- Name: lectureroom_index_seq; Type: SEQUENCE OWNED BY; Schema: public; Owner: herohjk
--

ALTER SEQUENCE public.lectureroom_index_seq OWNED BY public.lectureroom.index;


--
-- Name: loginsession; Type: TABLE; Schema: public; Owner: herohjk
--

CREATE TABLE public.loginsession (
    userid text NOT NULL,
    value text NOT NULL,
    lasttime date NOT NULL
);


ALTER TABLE public.loginsession OWNER TO herohjk;

--
-- Name: COLUMN loginsession.userid; Type: COMMENT; Schema: public; Owner: herohjk
--

COMMENT ON COLUMN public.loginsession.userid IS '사용자ID';


--
-- Name: COLUMN loginsession.value; Type: COMMENT; Schema: public; Owner: herohjk
--

COMMENT ON COLUMN public.loginsession.value IS '세션값';


--
-- Name: COLUMN loginsession.lasttime; Type: COMMENT; Schema: public; Owner: herohjk
--

COMMENT ON COLUMN public.loginsession.lasttime IS '마지막 응답 시간';


--
-- Name: notice; Type: TABLE; Schema: public; Owner: herohjk
--

CREATE TABLE public.notice (
    index integer NOT NULL,
    message text NOT NULL,
    "user" text NOT NULL,
    date date DEFAULT timezone('Asia/Seoul'::text, now()) NOT NULL,
    "time" time without time zone DEFAULT timezone('Asia/Seoul'::text, now()) NOT NULL
);


ALTER TABLE public.notice OWNER TO herohjk;

--
-- Name: notice_index_seq; Type: SEQUENCE; Schema: public; Owner: herohjk
--

CREATE SEQUENCE public.notice_index_seq
    START WITH 1
    INCREMENT BY 1
    NO MINVALUE
    NO MAXVALUE
    CACHE 1;


ALTER TABLE public.notice_index_seq OWNER TO herohjk;

--
-- Name: notice_index_seq; Type: SEQUENCE OWNED BY; Schema: public; Owner: herohjk
--

ALTER SEQUENCE public.notice_index_seq OWNED BY public.notice.index;


--
-- Name: attendancerecord index; Type: DEFAULT; Schema: public; Owner: herohjk
--

ALTER TABLE ONLY public.attendancerecord ALTER COLUMN index SET DEFAULT nextval('public.attendancerecord_index_seq'::regclass);


--
-- Name: auth_group id; Type: DEFAULT; Schema: public; Owner: django
--

ALTER TABLE ONLY public.auth_group ALTER COLUMN id SET DEFAULT nextval('public.auth_group_id_seq'::regclass);


--
-- Name: auth_group_permissions id; Type: DEFAULT; Schema: public; Owner: django
--

ALTER TABLE ONLY public.auth_group_permissions ALTER COLUMN id SET DEFAULT nextval('public.auth_group_permissions_id_seq'::regclass);


--
-- Name: auth_permission id; Type: DEFAULT; Schema: public; Owner: django
--

ALTER TABLE ONLY public.auth_permission ALTER COLUMN id SET DEFAULT nextval('public.auth_permission_id_seq'::regclass);


--
-- Name: auth_user id; Type: DEFAULT; Schema: public; Owner: django
--

ALTER TABLE ONLY public.auth_user ALTER COLUMN id SET DEFAULT nextval('public.auth_user_id_seq'::regclass);


--
-- Name: auth_user_groups id; Type: DEFAULT; Schema: public; Owner: django
--

ALTER TABLE ONLY public.auth_user_groups ALTER COLUMN id SET DEFAULT nextval('public.auth_user_groups_id_seq'::regclass);


--
-- Name: auth_user_user_permissions id; Type: DEFAULT; Schema: public; Owner: django
--

ALTER TABLE ONLY public.auth_user_user_permissions ALTER COLUMN id SET DEFAULT nextval('public.auth_user_user_permissions_id_seq'::regclass);


--
-- Name: course index; Type: DEFAULT; Schema: public; Owner: herohjk
--

ALTER TABLE ONLY public.course ALTER COLUMN index SET DEFAULT nextval('public.course_index_seq'::regclass);


--
-- Name: courseinformation index; Type: DEFAULT; Schema: public; Owner: herohjk
--

ALTER TABLE ONLY public.courseinformation ALTER COLUMN index SET DEFAULT nextval('public.courseinformation_index_seq'::regclass);


--
-- Name: coursestudent index; Type: DEFAULT; Schema: public; Owner: herohjk
--

ALTER TABLE ONLY public.coursestudent ALTER COLUMN index SET DEFAULT nextval('public.coursestudent_index_seq'::regclass);


--
-- Name: django_admin_log id; Type: DEFAULT; Schema: public; Owner: django
--

ALTER TABLE ONLY public.django_admin_log ALTER COLUMN id SET DEFAULT nextval('public.django_admin_log_id_seq'::regclass);


--
-- Name: django_content_type id; Type: DEFAULT; Schema: public; Owner: django
--

ALTER TABLE ONLY public.django_content_type ALTER COLUMN id SET DEFAULT nextval('public.django_content_type_id_seq'::regclass);


--
-- Name: django_migrations id; Type: DEFAULT; Schema: public; Owner: django
--

ALTER TABLE ONLY public.django_migrations ALTER COLUMN id SET DEFAULT nextval('public.django_migrations_id_seq'::regclass);


--
-- Name: lectureroom index; Type: DEFAULT; Schema: public; Owner: herohjk
--

ALTER TABLE ONLY public.lectureroom ALTER COLUMN index SET DEFAULT nextval('public.lectureroom_index_seq'::regclass);


--
-- Name: notice index; Type: DEFAULT; Schema: public; Owner: herohjk
--

ALTER TABLE ONLY public.notice ALTER COLUMN index SET DEFAULT nextval('public.notice_index_seq'::regclass);


--
-- Data for Name: attendancerecord; Type: TABLE DATA; Schema: public; Owner: herohjk
--

COPY public.attendancerecord (index, userid, courseid, checkdate, checktime) FROM stdin;
1	herohjk	1	2018-09-03	1628 
2	herohjk	1	2018-09-05	1635 
3	herohjk	1	2018-09-07	1805 
\.


--
-- Name: attendancerecord_index_seq; Type: SEQUENCE SET; Schema: public; Owner: herohjk
--

SELECT pg_catalog.setval('public.attendancerecord_index_seq', 3, true);


--
-- Data for Name: auth_group; Type: TABLE DATA; Schema: public; Owner: django
--

COPY public.auth_group (id, name) FROM stdin;
\.


--
-- Name: auth_group_id_seq; Type: SEQUENCE SET; Schema: public; Owner: django
--

SELECT pg_catalog.setval('public.auth_group_id_seq', 1, false);


--
-- Data for Name: auth_group_permissions; Type: TABLE DATA; Schema: public; Owner: django
--

COPY public.auth_group_permissions (id, group_id, permission_id) FROM stdin;
\.


--
-- Name: auth_group_permissions_id_seq; Type: SEQUENCE SET; Schema: public; Owner: django
--

SELECT pg_catalog.setval('public.auth_group_permissions_id_seq', 1, false);


--
-- Data for Name: auth_permission; Type: TABLE DATA; Schema: public; Owner: django
--

COPY public.auth_permission (id, name, content_type_id, codename) FROM stdin;
1	Can add log entry	1	add_logentry
2	Can change log entry	1	change_logentry
3	Can delete log entry	1	delete_logentry
4	Can view log entry	1	view_logentry
5	Can add permission	2	add_permission
6	Can change permission	2	change_permission
7	Can delete permission	2	delete_permission
8	Can view permission	2	view_permission
9	Can add group	3	add_group
10	Can change group	3	change_group
11	Can delete group	3	delete_group
12	Can view group	3	view_group
13	Can add user	4	add_user
14	Can change user	4	change_user
15	Can delete user	4	delete_user
16	Can view user	4	view_user
17	Can add content type	5	add_contenttype
18	Can change content type	5	change_contenttype
19	Can delete content type	5	delete_contenttype
20	Can view content type	5	view_contenttype
21	Can add session	6	add_session
22	Can change session	6	change_session
23	Can delete session	6	delete_session
24	Can view session	6	view_session
25	Can add course	7	add_course
26	Can change course	7	change_course
27	Can delete course	7	delete_course
28	Can view course	7	view_course
29	Can add lectureroom	8	add_lectureroom
30	Can change lectureroom	8	change_lectureroom
31	Can delete lectureroom	8	delete_lectureroom
32	Can view lectureroom	8	view_lectureroom
33	Can add user	9	add_user
34	Can change user	9	change_user
35	Can delete user	9	delete_user
36	Can view user	9	view_user
37	Can add attendancerecord	10	add_attendancerecord
38	Can change attendancerecord	10	change_attendancerecord
39	Can delete attendancerecord	10	delete_attendancerecord
40	Can view attendancerecord	10	view_attendancerecord
41	Can add courseinformation	11	add_courseinformation
42	Can change courseinformation	11	change_courseinformation
43	Can delete courseinformation	11	delete_courseinformation
44	Can view courseinformation	11	view_courseinformation
45	Can add userinformation	12	add_userinformation
46	Can change userinformation	12	change_userinformation
47	Can delete userinformation	12	delete_userinformation
48	Can view userinformation	12	view_userinformation
49	Can add coursestudent	13	add_coursestudent
50	Can change coursestudent	13	change_coursestudent
51	Can delete coursestudent	13	delete_coursestudent
52	Can view coursestudent	13	view_coursestudent
53	Can add loginsession	14	add_loginsession
54	Can change loginsession	14	change_loginsession
55	Can delete loginsession	14	delete_loginsession
56	Can view loginsession	14	view_loginsession
57	Can add notice	15	add_notice
58	Can change notice	15	change_notice
59	Can delete notice	15	delete_notice
60	Can view notice	15	view_notice
\.


--
-- Name: auth_permission_id_seq; Type: SEQUENCE SET; Schema: public; Owner: django
--

SELECT pg_catalog.setval('public.auth_permission_id_seq', 60, true);


--
-- Data for Name: auth_user; Type: TABLE DATA; Schema: public; Owner: django
--

COPY public.auth_user (id, password, last_login, is_superuser, username, first_name, last_name, email, is_staff, is_active, date_joined) FROM stdin;
1	pbkdf2_sha256$120000$p6TbuhPdClBP$+kCZXE/RO3mGTiTsQS/RWB5xmX4bxk9glVAcugkt2x4=	2018-09-17 11:34:09.736569+09	t	herohjk			herohjk@herohjk.com	t	t	2018-09-17 11:19:01.612563+09
\.


--
-- Data for Name: auth_user_groups; Type: TABLE DATA; Schema: public; Owner: django
--

COPY public.auth_user_groups (id, user_id, group_id) FROM stdin;
\.


--
-- Name: auth_user_groups_id_seq; Type: SEQUENCE SET; Schema: public; Owner: django
--

SELECT pg_catalog.setval('public.auth_user_groups_id_seq', 1, false);


--
-- Name: auth_user_id_seq; Type: SEQUENCE SET; Schema: public; Owner: django
--

SELECT pg_catalog.setval('public.auth_user_id_seq', 1, true);


--
-- Data for Name: auth_user_user_permissions; Type: TABLE DATA; Schema: public; Owner: django
--

COPY public.auth_user_user_permissions (id, user_id, permission_id) FROM stdin;
\.


--
-- Name: auth_user_user_permissions_id_seq; Type: SEQUENCE SET; Schema: public; Owner: django
--

SELECT pg_catalog.setval('public.auth_user_user_permissions_id_seq', 1, false);


--
-- Data for Name: course; Type: TABLE DATA; Schema: public; Owner: herohjk
--

COPY public.course (index, lectureindex, lectureroomindex) FROM stdin;
1	herohjk	1
2	herohjk	1
4	testuser	1
5	admin	1
\.


--
-- Name: course_index_seq; Type: SEQUENCE SET; Schema: public; Owner: herohjk
--

SELECT pg_catalog.setval('public.course_index_seq', 5, true);


--
-- Data for Name: courseinformation; Type: TABLE DATA; Schema: public; Owner: herohjk
--

COPY public.courseinformation (courseindex, startdate, enddate, starttime, coursetime, classday, coursename, index) FROM stdin;
1	2018-09-01	2018-12-31	1630	90	TFTFTFF	영어1	1
2	2018-09-01	2018-12-31	1800	90	TFTFTFF	외국인 회화	2
4	2018-09-09	2019-09-30	0100	90	FTFTFTF	새벽 수학 특강	3
5	2018-09-01	2019-09-20	2330	90	FTFTFTF	심야 코딩 특강	4
\.


--
-- Name: courseinformation_index_seq; Type: SEQUENCE SET; Schema: public; Owner: herohjk
--

SELECT pg_catalog.setval('public.courseinformation_index_seq', 4, true);


--
-- Data for Name: coursestudent; Type: TABLE DATA; Schema: public; Owner: herohjk
--

COPY public.coursestudent (couseid, userid, index) FROM stdin;
1	herohjk	1
1	testuser	2
2	herohjk	4
4	herohjk	5
5	herohjk	6
\.


--
-- Name: coursestudent_index_seq; Type: SEQUENCE SET; Schema: public; Owner: herohjk
--

SELECT pg_catalog.setval('public.coursestudent_index_seq', 6, true);


--
-- Data for Name: django_admin_log; Type: TABLE DATA; Schema: public; Owner: django
--

COPY public.django_admin_log (id, action_time, object_id, object_repr, action_flag, change_message, content_type_id, user_id) FROM stdin;
1	2018-09-21 14:33:21.175809+09	test	User object (test)	1	[{"added": {}}]	9	1
2	2018-09-21 14:34:42.803959+09	test	User object (test)	3		9	1
\.


--
-- Name: django_admin_log_id_seq; Type: SEQUENCE SET; Schema: public; Owner: django
--

SELECT pg_catalog.setval('public.django_admin_log_id_seq', 2, true);


--
-- Data for Name: django_content_type; Type: TABLE DATA; Schema: public; Owner: django
--

COPY public.django_content_type (id, app_label, model) FROM stdin;
1	admin	logentry
2	auth	permission
3	auth	group
4	auth	user
5	contenttypes	contenttype
6	sessions	session
7	deuluwa	course
8	deuluwa	lectureroom
9	deuluwa	user
10	deuluwa	attendancerecord
11	deuluwa	courseinformation
12	deuluwa	userinformation
13	deuluwa	coursestudent
14	deuluwa	loginsession
15	deuluwa	notice
\.


--
-- Name: django_content_type_id_seq; Type: SEQUENCE SET; Schema: public; Owner: django
--

SELECT pg_catalog.setval('public.django_content_type_id_seq', 15, true);


--
-- Data for Name: django_migrations; Type: TABLE DATA; Schema: public; Owner: django
--

COPY public.django_migrations (id, app, name, applied) FROM stdin;
1	contenttypes	0001_initial	2018-09-17 11:17:59.539038+09
2	auth	0001_initial	2018-09-17 11:18:00.007785+09
3	admin	0001_initial	2018-09-17 11:18:00.120709+09
4	admin	0002_logentry_remove_auto_add	2018-09-17 11:18:00.152691+09
5	admin	0003_logentry_add_action_flag_choices	2018-09-17 11:18:00.191672+09
6	contenttypes	0002_remove_content_type_name	2018-09-17 11:18:00.269623+09
7	auth	0002_alter_permission_name_max_length	2018-09-17 11:18:00.298604+09
8	auth	0003_alter_user_email_max_length	2018-09-17 11:18:00.330588+09
9	auth	0004_alter_user_username_opts	2018-09-17 11:18:00.352582+09
10	auth	0005_alter_user_last_login_null	2018-09-17 11:18:00.383556+09
11	auth	0006_require_contenttypes_0002	2018-09-17 11:18:00.400545+09
12	auth	0007_alter_validators_add_error_messages	2018-09-17 11:18:00.420533+09
13	auth	0008_alter_user_username_max_length	2018-09-17 11:18:00.471504+09
14	auth	0009_alter_user_last_name_max_length	2018-09-17 11:18:00.499498+09
15	deuluwa	0001_initial	2018-09-17 11:18:00.521489+09
16	sessions	0001_initial	2018-09-17 11:18:00.592435+09
17	deuluwa	0002_coursestudent_loginsession	2018-09-19 12:53:10.323113+09
18	deuluwa	0003_notice	2018-10-05 13:09:54.640702+09
\.


--
-- Name: django_migrations_id_seq; Type: SEQUENCE SET; Schema: public; Owner: django
--

SELECT pg_catalog.setval('public.django_migrations_id_seq', 18, true);


--
-- Data for Name: django_session; Type: TABLE DATA; Schema: public; Owner: django
--

COPY public.django_session (session_key, session_data, expire_date) FROM stdin;
q44aiv8do2a1zrw0s3697z8n7wtc2ruu	NTIwNWNlZTU4MDgwZTk2MjY5OGNmZjZhNmI5ZmFkODE0MGIxNDRkNDp7Il9hdXRoX3VzZXJfaWQiOiIxIiwiX2F1dGhfdXNlcl9iYWNrZW5kIjoiZGphbmdvLmNvbnRyaWIuYXV0aC5iYWNrZW5kcy5Nb2RlbEJhY2tlbmQiLCJfYXV0aF91c2VyX2hhc2giOiJhYzM0NmUyMzU4MjFkYWZjOWRhYmJmZWU2ODQ0ZDNkN2VmMzZkOWI0In0=	2018-10-01 11:34:09.746562+09
\.


--
-- Data for Name: lectureroom; Type: TABLE DATA; Schema: public; Owner: herohjk
--

COPY public.lectureroom (index, nfcid, latitude, longitude, name) FROM stdin;
1	proto001	37.5100564999999975	126.888547200000005	테스트교실
\.


--
-- Name: lectureroom_index_seq; Type: SEQUENCE SET; Schema: public; Owner: herohjk
--

SELECT pg_catalog.setval('public.lectureroom_index_seq', 1, true);


--
-- Data for Name: loginsession; Type: TABLE DATA; Schema: public; Owner: herohjk
--

COPY public.loginsession (userid, value, lasttime) FROM stdin;
\.


--
-- Data for Name: notice; Type: TABLE DATA; Schema: public; Owner: herohjk
--

COPY public.notice (index, message, "user", date, "time") FROM stdin;
1	테스트	herohjk	2018-10-05	11:07:00
2	WPF 프로그램 개발안내	admin	2018-10-05	05:06:46.028198
3	날짜 테스트	admin	2018-10-05	14:10:36.143847
6	김호종김호종김호종!	herohjk	2018-10-05	19:08:48
7	파이썬 API 등록 테스트	herohjk	2018-10-05	19:09:49
8	?? ??? ???\r\n	herohjk	2018-10-05	20:16:03
9	테슷흐\r\n	herohjk	2018-10-05	20:18:26
10	이제야 제법 잘 되는 것 같네요\r\n\r\n후후후..\r\n\r\n모두 행복하시길!\r\n\r\n행쇼!\r\n	herohjk	2018-10-05	20:20:03
11	서순이 중요하다 이말이야...\r\n	herohjk	2018-10-05	20:20:54
12	(긴급) 이번 주말까지 운영회비 20억 입금 부탁드립니다.\r\n	admin	2018-10-05	20:27:45
13	전달사항 등록 테스트\r\n	herohjk	2018-10-06	15:29:17
14	작성 테슷흐\r\n	herohjk	2018-10-10	16:09:59
15	다이얼로그 테스트\r\n	herohjk	2018-10-10	16:17:10
16	다얄로그 테스트2\r\n	herohjk	2018-10-10	16:18:07
17	다얄로그 테스트3\r\n	herohjk	2018-10-12	14:19:52
18	다얄로그 테스트4\r\n	herohjk	2018-10-12	14:20:31
19	test\r\n	herohjk	2018-10-12	14:21:28
20	tttt5\r\n	herohjk	2018-10-12	14:22:21
\.


--
-- Name: notice_index_seq; Type: SEQUENCE SET; Schema: public; Owner: herohjk
--

SELECT pg_catalog.setval('public.notice_index_seq', 20, true);


--
-- Data for Name: user; Type: TABLE DATA; Schema: public; Owner: herohjk
--

COPY public."user" (id, password, admin) FROM stdin;
admin	da18d4abcfab1f1abfb19697a332324d	t
testuser	098f6bcd4621d373cade4e832627b4f6	f
herohjk	24dbfc35919dfa3b926d2b3fda619c55	t
\.


--
-- Data for Name: userinformation; Type: TABLE DATA; Schema: public; Owner: herohjk
--

COPY public.userinformation (id, address, phonenumber, name) FROM stdin;
herohjk	(03410) 서울시 은평구 서오릉로 181	01089492160	김호종
admin	청와대ㅎㅎ	01000000000	운영자
testuser	백악관	01000000000	테스트 계정
\.


--
-- Name: attendancerecord attendancerecord_pkey; Type: CONSTRAINT; Schema: public; Owner: herohjk
--

ALTER TABLE ONLY public.attendancerecord
    ADD CONSTRAINT attendancerecord_pkey PRIMARY KEY (index);


--
-- Name: auth_group auth_group_name_key; Type: CONSTRAINT; Schema: public; Owner: django
--

ALTER TABLE ONLY public.auth_group
    ADD CONSTRAINT auth_group_name_key UNIQUE (name);


--
-- Name: auth_group_permissions auth_group_permissions_group_id_permission_id_0cd325b0_uniq; Type: CONSTRAINT; Schema: public; Owner: django
--

ALTER TABLE ONLY public.auth_group_permissions
    ADD CONSTRAINT auth_group_permissions_group_id_permission_id_0cd325b0_uniq UNIQUE (group_id, permission_id);


--
-- Name: auth_group_permissions auth_group_permissions_pkey; Type: CONSTRAINT; Schema: public; Owner: django
--

ALTER TABLE ONLY public.auth_group_permissions
    ADD CONSTRAINT auth_group_permissions_pkey PRIMARY KEY (id);


--
-- Name: auth_group auth_group_pkey; Type: CONSTRAINT; Schema: public; Owner: django
--

ALTER TABLE ONLY public.auth_group
    ADD CONSTRAINT auth_group_pkey PRIMARY KEY (id);


--
-- Name: auth_permission auth_permission_content_type_id_codename_01ab375a_uniq; Type: CONSTRAINT; Schema: public; Owner: django
--

ALTER TABLE ONLY public.auth_permission
    ADD CONSTRAINT auth_permission_content_type_id_codename_01ab375a_uniq UNIQUE (content_type_id, codename);


--
-- Name: auth_permission auth_permission_pkey; Type: CONSTRAINT; Schema: public; Owner: django
--

ALTER TABLE ONLY public.auth_permission
    ADD CONSTRAINT auth_permission_pkey PRIMARY KEY (id);


--
-- Name: auth_user_groups auth_user_groups_pkey; Type: CONSTRAINT; Schema: public; Owner: django
--

ALTER TABLE ONLY public.auth_user_groups
    ADD CONSTRAINT auth_user_groups_pkey PRIMARY KEY (id);


--
-- Name: auth_user_groups auth_user_groups_user_id_group_id_94350c0c_uniq; Type: CONSTRAINT; Schema: public; Owner: django
--

ALTER TABLE ONLY public.auth_user_groups
    ADD CONSTRAINT auth_user_groups_user_id_group_id_94350c0c_uniq UNIQUE (user_id, group_id);


--
-- Name: auth_user auth_user_pkey; Type: CONSTRAINT; Schema: public; Owner: django
--

ALTER TABLE ONLY public.auth_user
    ADD CONSTRAINT auth_user_pkey PRIMARY KEY (id);


--
-- Name: auth_user_user_permissions auth_user_user_permissions_pkey; Type: CONSTRAINT; Schema: public; Owner: django
--

ALTER TABLE ONLY public.auth_user_user_permissions
    ADD CONSTRAINT auth_user_user_permissions_pkey PRIMARY KEY (id);


--
-- Name: auth_user_user_permissions auth_user_user_permissions_user_id_permission_id_14a6b632_uniq; Type: CONSTRAINT; Schema: public; Owner: django
--

ALTER TABLE ONLY public.auth_user_user_permissions
    ADD CONSTRAINT auth_user_user_permissions_user_id_permission_id_14a6b632_uniq UNIQUE (user_id, permission_id);


--
-- Name: auth_user auth_user_username_key; Type: CONSTRAINT; Schema: public; Owner: django
--

ALTER TABLE ONLY public.auth_user
    ADD CONSTRAINT auth_user_username_key UNIQUE (username);


--
-- Name: course course_pkey; Type: CONSTRAINT; Schema: public; Owner: herohjk
--

ALTER TABLE ONLY public.course
    ADD CONSTRAINT course_pkey PRIMARY KEY (index);


--
-- Name: courseinformation courseinformation_pk; Type: CONSTRAINT; Schema: public; Owner: herohjk
--

ALTER TABLE ONLY public.courseinformation
    ADD CONSTRAINT courseinformation_pk PRIMARY KEY (index);


--
-- Name: coursestudent coursestudent_pk; Type: CONSTRAINT; Schema: public; Owner: herohjk
--

ALTER TABLE ONLY public.coursestudent
    ADD CONSTRAINT coursestudent_pk PRIMARY KEY (index);


--
-- Name: django_admin_log django_admin_log_pkey; Type: CONSTRAINT; Schema: public; Owner: django
--

ALTER TABLE ONLY public.django_admin_log
    ADD CONSTRAINT django_admin_log_pkey PRIMARY KEY (id);


--
-- Name: django_content_type django_content_type_app_label_model_76bd3d3b_uniq; Type: CONSTRAINT; Schema: public; Owner: django
--

ALTER TABLE ONLY public.django_content_type
    ADD CONSTRAINT django_content_type_app_label_model_76bd3d3b_uniq UNIQUE (app_label, model);


--
-- Name: django_content_type django_content_type_pkey; Type: CONSTRAINT; Schema: public; Owner: django
--

ALTER TABLE ONLY public.django_content_type
    ADD CONSTRAINT django_content_type_pkey PRIMARY KEY (id);


--
-- Name: django_migrations django_migrations_pkey; Type: CONSTRAINT; Schema: public; Owner: django
--

ALTER TABLE ONLY public.django_migrations
    ADD CONSTRAINT django_migrations_pkey PRIMARY KEY (id);


--
-- Name: django_session django_session_pkey; Type: CONSTRAINT; Schema: public; Owner: django
--

ALTER TABLE ONLY public.django_session
    ADD CONSTRAINT django_session_pkey PRIMARY KEY (session_key);


--
-- Name: lectureroom lectureroom_pkey; Type: CONSTRAINT; Schema: public; Owner: herohjk
--

ALTER TABLE ONLY public.lectureroom
    ADD CONSTRAINT lectureroom_pkey PRIMARY KEY (index);


--
-- Name: loginsession loginsession_pkey; Type: CONSTRAINT; Schema: public; Owner: herohjk
--

ALTER TABLE ONLY public.loginsession
    ADD CONSTRAINT loginsession_pkey PRIMARY KEY (userid);


--
-- Name: notice notice_pkey; Type: CONSTRAINT; Schema: public; Owner: herohjk
--

ALTER TABLE ONLY public.notice
    ADD CONSTRAINT notice_pkey PRIMARY KEY (index);


--
-- Name: user userinfo_pkey; Type: CONSTRAINT; Schema: public; Owner: herohjk
--

ALTER TABLE ONLY public."user"
    ADD CONSTRAINT userinfo_pkey PRIMARY KEY (id);


--
-- Name: userinformation userinformation_pkey; Type: CONSTRAINT; Schema: public; Owner: herohjk
--

ALTER TABLE ONLY public.userinformation
    ADD CONSTRAINT userinformation_pkey PRIMARY KEY (id);


--
-- Name: auth_group_name_a6ea08ec_like; Type: INDEX; Schema: public; Owner: django
--

CREATE INDEX auth_group_name_a6ea08ec_like ON public.auth_group USING btree (name varchar_pattern_ops);


--
-- Name: auth_group_permissions_group_id_b120cbf9; Type: INDEX; Schema: public; Owner: django
--

CREATE INDEX auth_group_permissions_group_id_b120cbf9 ON public.auth_group_permissions USING btree (group_id);


--
-- Name: auth_group_permissions_permission_id_84c5c92e; Type: INDEX; Schema: public; Owner: django
--

CREATE INDEX auth_group_permissions_permission_id_84c5c92e ON public.auth_group_permissions USING btree (permission_id);


--
-- Name: auth_permission_content_type_id_2f476e4b; Type: INDEX; Schema: public; Owner: django
--

CREATE INDEX auth_permission_content_type_id_2f476e4b ON public.auth_permission USING btree (content_type_id);


--
-- Name: auth_user_groups_group_id_97559544; Type: INDEX; Schema: public; Owner: django
--

CREATE INDEX auth_user_groups_group_id_97559544 ON public.auth_user_groups USING btree (group_id);


--
-- Name: auth_user_groups_user_id_6a12ed8b; Type: INDEX; Schema: public; Owner: django
--

CREATE INDEX auth_user_groups_user_id_6a12ed8b ON public.auth_user_groups USING btree (user_id);


--
-- Name: auth_user_user_permissions_permission_id_1fbb5f2c; Type: INDEX; Schema: public; Owner: django
--

CREATE INDEX auth_user_user_permissions_permission_id_1fbb5f2c ON public.auth_user_user_permissions USING btree (permission_id);


--
-- Name: auth_user_user_permissions_user_id_a95ead1b; Type: INDEX; Schema: public; Owner: django
--

CREATE INDEX auth_user_user_permissions_user_id_a95ead1b ON public.auth_user_user_permissions USING btree (user_id);


--
-- Name: auth_user_username_6821ab7c_like; Type: INDEX; Schema: public; Owner: django
--

CREATE INDEX auth_user_username_6821ab7c_like ON public.auth_user USING btree (username varchar_pattern_ops);


--
-- Name: django_admin_log_content_type_id_c4bce8eb; Type: INDEX; Schema: public; Owner: django
--

CREATE INDEX django_admin_log_content_type_id_c4bce8eb ON public.django_admin_log USING btree (content_type_id);


--
-- Name: django_admin_log_user_id_c564eba6; Type: INDEX; Schema: public; Owner: django
--

CREATE INDEX django_admin_log_user_id_c564eba6 ON public.django_admin_log USING btree (user_id);


--
-- Name: django_session_expire_date_a5c62663; Type: INDEX; Schema: public; Owner: django
--

CREATE INDEX django_session_expire_date_a5c62663 ON public.django_session USING btree (expire_date);


--
-- Name: django_session_session_key_c0390e0f_like; Type: INDEX; Schema: public; Owner: django
--

CREATE INDEX django_session_session_key_c0390e0f_like ON public.django_session USING btree (session_key varchar_pattern_ops);


--
-- Name: attendancerecord attendancerecordcourseid_courseindex; Type: FK CONSTRAINT; Schema: public; Owner: herohjk
--

ALTER TABLE ONLY public.attendancerecord
    ADD CONSTRAINT attendancerecordcourseid_courseindex FOREIGN KEY (courseid) REFERENCES public.course(index);


--
-- Name: attendancerecord attendancerecorduserid_userid; Type: FK CONSTRAINT; Schema: public; Owner: herohjk
--

ALTER TABLE ONLY public.attendancerecord
    ADD CONSTRAINT attendancerecorduserid_userid FOREIGN KEY (userid) REFERENCES public."user"(id);


--
-- Name: auth_group_permissions auth_group_permissio_permission_id_84c5c92e_fk_auth_perm; Type: FK CONSTRAINT; Schema: public; Owner: django
--

ALTER TABLE ONLY public.auth_group_permissions
    ADD CONSTRAINT auth_group_permissio_permission_id_84c5c92e_fk_auth_perm FOREIGN KEY (permission_id) REFERENCES public.auth_permission(id) DEFERRABLE INITIALLY DEFERRED;


--
-- Name: auth_group_permissions auth_group_permissions_group_id_b120cbf9_fk_auth_group_id; Type: FK CONSTRAINT; Schema: public; Owner: django
--

ALTER TABLE ONLY public.auth_group_permissions
    ADD CONSTRAINT auth_group_permissions_group_id_b120cbf9_fk_auth_group_id FOREIGN KEY (group_id) REFERENCES public.auth_group(id) DEFERRABLE INITIALLY DEFERRED;


--
-- Name: auth_permission auth_permission_content_type_id_2f476e4b_fk_django_co; Type: FK CONSTRAINT; Schema: public; Owner: django
--

ALTER TABLE ONLY public.auth_permission
    ADD CONSTRAINT auth_permission_content_type_id_2f476e4b_fk_django_co FOREIGN KEY (content_type_id) REFERENCES public.django_content_type(id) DEFERRABLE INITIALLY DEFERRED;


--
-- Name: auth_user_groups auth_user_groups_group_id_97559544_fk_auth_group_id; Type: FK CONSTRAINT; Schema: public; Owner: django
--

ALTER TABLE ONLY public.auth_user_groups
    ADD CONSTRAINT auth_user_groups_group_id_97559544_fk_auth_group_id FOREIGN KEY (group_id) REFERENCES public.auth_group(id) DEFERRABLE INITIALLY DEFERRED;


--
-- Name: auth_user_groups auth_user_groups_user_id_6a12ed8b_fk_auth_user_id; Type: FK CONSTRAINT; Schema: public; Owner: django
--

ALTER TABLE ONLY public.auth_user_groups
    ADD CONSTRAINT auth_user_groups_user_id_6a12ed8b_fk_auth_user_id FOREIGN KEY (user_id) REFERENCES public.auth_user(id) DEFERRABLE INITIALLY DEFERRED;


--
-- Name: auth_user_user_permissions auth_user_user_permi_permission_id_1fbb5f2c_fk_auth_perm; Type: FK CONSTRAINT; Schema: public; Owner: django
--

ALTER TABLE ONLY public.auth_user_user_permissions
    ADD CONSTRAINT auth_user_user_permi_permission_id_1fbb5f2c_fk_auth_perm FOREIGN KEY (permission_id) REFERENCES public.auth_permission(id) DEFERRABLE INITIALLY DEFERRED;


--
-- Name: auth_user_user_permissions auth_user_user_permissions_user_id_a95ead1b_fk_auth_user_id; Type: FK CONSTRAINT; Schema: public; Owner: django
--

ALTER TABLE ONLY public.auth_user_user_permissions
    ADD CONSTRAINT auth_user_user_permissions_user_id_a95ead1b_fk_auth_user_id FOREIGN KEY (user_id) REFERENCES public.auth_user(id) DEFERRABLE INITIALLY DEFERRED;


--
-- Name: courseinformation courseinformationindex_courseindex; Type: FK CONSTRAINT; Schema: public; Owner: herohjk
--

ALTER TABLE ONLY public.courseinformation
    ADD CONSTRAINT courseinformationindex_courseindex FOREIGN KEY (courseindex) REFERENCES public.course(index);


--
-- Name: course courselectureroomindex_lectureroom_index; Type: FK CONSTRAINT; Schema: public; Owner: herohjk
--

ALTER TABLE ONLY public.course
    ADD CONSTRAINT courselectureroomindex_lectureroom_index FOREIGN KEY (lectureroomindex) REFERENCES public.lectureroom(index) ON UPDATE CASCADE ON DELETE CASCADE;


--
-- Name: course courseleturerindex_usertext; Type: FK CONSTRAINT; Schema: public; Owner: herohjk
--

ALTER TABLE ONLY public.course
    ADD CONSTRAINT courseleturerindex_usertext FOREIGN KEY (lectureindex) REFERENCES public."user"(id);


--
-- Name: coursestudent couserstudentcourseid_cuorseid; Type: FK CONSTRAINT; Schema: public; Owner: herohjk
--

ALTER TABLE ONLY public.coursestudent
    ADD CONSTRAINT couserstudentcourseid_cuorseid FOREIGN KEY (couseid) REFERENCES public.course(index);


--
-- Name: coursestudent cousestudentuserid_userid; Type: FK CONSTRAINT; Schema: public; Owner: herohjk
--

ALTER TABLE ONLY public.coursestudent
    ADD CONSTRAINT cousestudentuserid_userid FOREIGN KEY (userid) REFERENCES public."user"(id);


--
-- Name: django_admin_log django_admin_log_content_type_id_c4bce8eb_fk_django_co; Type: FK CONSTRAINT; Schema: public; Owner: django
--

ALTER TABLE ONLY public.django_admin_log
    ADD CONSTRAINT django_admin_log_content_type_id_c4bce8eb_fk_django_co FOREIGN KEY (content_type_id) REFERENCES public.django_content_type(id) DEFERRABLE INITIALLY DEFERRED;


--
-- Name: django_admin_log django_admin_log_user_id_c564eba6_fk_auth_user_id; Type: FK CONSTRAINT; Schema: public; Owner: django
--

ALTER TABLE ONLY public.django_admin_log
    ADD CONSTRAINT django_admin_log_user_id_c564eba6_fk_auth_user_id FOREIGN KEY (user_id) REFERENCES public.auth_user(id) DEFERRABLE INITIALLY DEFERRED;


--
-- Name: loginsession loginsessionuserid_userid; Type: FK CONSTRAINT; Schema: public; Owner: herohjk
--

ALTER TABLE ONLY public.loginsession
    ADD CONSTRAINT loginsessionuserid_userid FOREIGN KEY (userid) REFERENCES public."user"(id);


--
-- Name: notice noticeuser_userid; Type: FK CONSTRAINT; Schema: public; Owner: herohjk
--

ALTER TABLE ONLY public.notice
    ADD CONSTRAINT noticeuser_userid FOREIGN KEY ("user") REFERENCES public."user"(id);


--
-- Name: userinformation userinformationid_userid; Type: FK CONSTRAINT; Schema: public; Owner: herohjk
--

ALTER TABLE ONLY public.userinformation
    ADD CONSTRAINT userinformationid_userid FOREIGN KEY (id) REFERENCES public."user"(id);


--
-- Name: TABLE course; Type: ACL; Schema: public; Owner: herohjk
--

GRANT ALL ON TABLE public.course TO django;


--
-- Name: SEQUENCE course_index_seq; Type: ACL; Schema: public; Owner: herohjk
--

GRANT ALL ON SEQUENCE public.course_index_seq TO django;


--
-- Name: TABLE courseinformation; Type: ACL; Schema: public; Owner: herohjk
--

GRANT ALL ON TABLE public.courseinformation TO django;


--
-- Name: TABLE lectureroom; Type: ACL; Schema: public; Owner: herohjk
--

GRANT ALL ON TABLE public.lectureroom TO django;


--
-- Name: TABLE "user"; Type: ACL; Schema: public; Owner: herohjk
--

GRANT ALL ON TABLE public."user" TO django;


--
-- Name: TABLE userinformation; Type: ACL; Schema: public; Owner: herohjk
--

GRANT ALL ON TABLE public.userinformation TO django;


--
-- Name: SEQUENCE lectureroom_index_seq; Type: ACL; Schema: public; Owner: herohjk
--

GRANT ALL ON SEQUENCE public.lectureroom_index_seq TO django;


--
-- PostgreSQL database dump complete
--

